id;category;name;weight;price;photo;description
1;"–ë–£–†–ì–ï–†–ò";"–ú–ï–ù–Æ –ë–£–†–ì–ï–† –ó –†–í–ê–ù–û–Æ –°–í–ò–ù–ò–ù–û–Æ –¢–ê –ö–ê–†–ê–ú–ï–õ–Ü–ó–û–í–ê–ù–ò–ú –ë–ï–ö–û–ù–û–ú";"300/60/30–≥";240;"";"—Ä–≤–∞–Ω–∞ —Å–≤–∏–Ω–∏–Ω–∞ —É —Å–æ—É—Å—ñ —Ç–µ—Ä—ñ—è–∫—ñ, —Å–æ–ª–æ–¥–∫–∏–π —á–∏–ª—ñ —Ç–∞ —à—Ä—ñ—Ä–∞—á–∞, —Å–æ—É—Å BBQ, –±–µ–∫–æ–Ω, —Å–∏—Ä —á–µ–¥–µ—Ä, –∞–π—Å–±–µ—Ä–≥, —Ç–æ–º–∞—Ç, —Å–æ–ª–æ–Ω–∏–π –æ–≥—ñ—Ä–æ–∫, –∫–∞—Ä–∞–º–µ–ª—ñ–∑–æ–≤–∞–Ω–∞ —Ü–∏–±—É–ª—è/–∫–∞—Ä—Ç–æ–ø–ª—è —Ñ—Ä—ñ/–∫–µ—Ç—á—É–ø/–∫–æ–∫–∞-–∫–æ–ª–∞"
2;"–ë–£–†–ì–ï–†–ò";"–ë–£–†–ì–ï–† –ó –†–í–ê–ù–û–Æ –°–í–ò–ù–ò–ù–û–Æ –¢–ê –ö–ê–†–ê–ú–ï–õ–Ü–ó–û–í–ê–ù–ò–ú –ë–ï–ö–û–ù–û–ú";"300–≥";185;"";"—Ä–≤–∞–Ω–∞ —Å–≤–∏–Ω–∏–Ω–∞ —É —Å–æ—É—Å—ñ —Ç–µ—Ä—ñ—è–∫—ñ, —Å–æ–ª–æ–¥–∫–∏–π —á–∏–ª—ñ —Ç–∞ —à—Ä—ñ—Ä–∞—á–∞, —Å–æ—É—Å BBQ, –±–µ–∫–æ–Ω, —Å–∏—Ä —á–µ–¥–µ—Ä, –∞–π—Å–±–µ—Ä–≥, —Ç–æ–º–∞—Ç, —Å–æ–ª–æ–Ω–∏–π –æ–≥—ñ—Ä–æ–∫, –∫–∞—Ä–∞–º–µ–ª—ñ–∑–æ–≤–∞–Ω–∞ —Ü–∏–±—É–ª—è"
3;"–ë–£–†–ì–ï–†–ò";"–ú–ï–ù–Æ –ß–Ü–ö–ï–ù-–ë–£–†–ì–ï–† –ó –•–†–£–°–¢–ö–û–Æ –ö–û–¢–õ–ï–¢–û–Æ";"300/60/30–≥";235;"";"—Ö—Ä—É—Å—Ç–∫–∞ –∫—É—Ä—è—á–∞ –∫–æ—Ç–ª–µ—Ç–∞ –≤ –ø–∞–Ω—ñ—Ä–æ–≤—Ü—ñ, —Å–æ—É—Å ¬´–ê–π–æ–ª—ñ-–®—Ä—ñ—Ä–∞—á–∞¬ª, —Å–∏—Ä —á–µ–¥–µ—Ä, –∞–π—Å–±–µ—Ä–≥, —Ç–æ–º–∞—Ç, —Å–æ–ª–æ–Ω–∏–π –æ–≥—ñ—Ä–æ–∫, —Ü–∏–±—É–ª—è —Å–∏–Ω—è/–∫–∞—Ä—Ç–æ–ø–ª—è —Ñ—Ä—ñ/—Å–æ—É—Å ¬´Sweet –ß–∏–ª—ñ¬ª/–∫–æ–∫–∞-–∫–æ–ª–∞"
4;"–ë–£–†–ì–ï–†–ò";"–ß–Ü–ö–ï–ù-–ë–£–†–ì–ï–† –ó –•–†–£–°–¢–ö–û–Æ –ö–û–¢–õ–ï–¢–û–Æ";"300–≥";185;"";"—Ö—Ä—É—Å—Ç–∫–∞ –∫—É—Ä—è—á–∞ –∫–æ—Ç–ª–µ—Ç–∞ –≤ –ø–∞–Ω—ñ—Ä–æ–≤—Ü—ñ, —Å–æ—É—Å ¬´–ê–π–æ–ª—ñ-–®—Ä—ñ—Ä–∞—á–∞¬ª, —Å–∏—Ä —á–µ–¥–µ—Ä, –∞–π—Å–±–µ—Ä–≥, —Ç–æ–º–∞—Ç, —Å–æ–ª–æ–Ω–∏–π –æ–≥—ñ—Ä–æ–∫, —Ü–∏–±—É–ª—è —Å–∏–Ω—è"
5;"–ë–£–†–ì–ï–†–ò";"–ú–ï–ù–Æ –ë–£–†–ì–ï–† –ó –ü–û–î–í–Ü–ô–ù–û–Æ –ö–û–¢–õ–ï–¢–û–Æ";"330/60/30–≥";265;"";"–ø–æ–¥–≤—ñ–π–Ω–∞ –∫–æ—Ç–ª–µ—Ç–∞ —Å–≤–∏–Ω–æ-—è–ª–æ–≤–∏—á–∞, —Å–∏—Ä —á–µ–¥–¥–µ—Ä, –æ–≥—ñ—Ä–æ–∫ —Å–æ–ª–æ–Ω–∏–π, —Ü–∏–±—É–ª—è —Å–∏–Ω—è, –∞–π—Å–±–µ—Ä–≥, —Ç–æ–º–∞—Ç, —Å–æ—É—Å BBQ/–∫–∞—Ä—Ç–æ–ø–ª—è —Ñ—Ä—ñ, –∫–µ—Ç—á—É–ø, –∫–æ–∫–∞-–∫–æ–ª–∞"
6;"–ë–£–†–ì–ï–†–ò";"–ë–£–†–ì–ï–† –ó –ü–û–î–í–Ü–ô–ù–û–Æ –ö–û–¢–õ–ï–¢–û–Æ";"330–≥";215;"";"–ø–æ–¥–≤—ñ–π–Ω–∞ –∫–æ—Ç–ª–µ—Ç–∞ —Å–≤–∏–Ω–æ-—è–ª–æ–≤–∏—á–∞, —Å–æ—É—Å BBQ, —Å–∏—Ä —á–µ–¥–¥–µ—Ä, –∞–π—Å–±–µ—Ä–≥, —Ç–æ–º–∞—Ç, –æ–≥—ñ—Ä–æ–∫ —Å–æ–ª–æ–Ω–∏–π, —Ü–∏–±—É–ª—è —Å–∏–Ω—è"
7;"–ë–£–†–ì–ï–†–ò";"–ú–ï–ù–Æ –ë–£–†–ì–ï–† –ó –°–û–ö–û–í–ò–¢–û–Æ –ö–û–¢–õ–ï–¢–û–Æ –¢–ê –ß–ï–î–î–ï–†–û–ú";"260/60/30–≥";210;"";"–∫–æ—Ç–ª–µ—Ç–∞ —Å–≤–∏–Ω–æ-—è–ª–æ–≤–∏—á–∞, —Å–æ—É—Å BBQ –ø—ñ–∫–∞–Ω—Ç–Ω–∏–π, —Å–∏—Ä —á–µ–¥–¥–µ—Ä, –∞–π—Å–±–µ—Ä–≥, —Ç–æ–º–∞—Ç, –æ–≥—ñ—Ä–æ–∫ —Å–æ–ª–æ–Ω–∏–π, —Ü–∏–±—É–ª—è —Å–∏–Ω—è/–∫–∞—Ä—Ç–æ–ø–ª—è —Ñ—Ä—ñ, –∫–µ—Ç—á—É–ø, –∫–æ–∫–∞-–∫–æ–ª–∞"
8;"–ë–£–†–ì–ï–†–ò";"–ë–£–†–ì–ï–† –ó –°–û–ö–û–í–ò–¢–û–Æ –ö–û–¢–õ–ï–¢–û–Æ –¢–ê –ß–ï–î–î–ï–†–û–ú";"260–≥";175;"";"–∫–æ—Ç–ª–µ—Ç–∞ —Å–≤–∏–Ω–æ-—è–ª–æ–≤–∏—á–∞, —Å–æ—É—Å BBQ –ø—ñ–∫–∞–Ω—Ç–Ω–∏–π, —Å–∏—Ä —á–µ–¥–¥–µ—Ä, –∞–π—Å–±–µ—Ä–≥, —Ç–æ–º–∞—Ç, –æ–≥—ñ—Ä–æ–∫ —Å–æ–ª–æ–Ω–∏–π, —Ü–∏–±—É–ª—è —Å–∏–Ω—è"
9;"–ë–£–†–ì–ï–†–ò";"–ú–ï–ù–Æ –ë–£–†–ì–ï–† –ó –ö–£–†–ö–û–Æ –ù–ê –ì–†–ò–õ–Ü –¢–ê –î–û–† –ë–õ–Æ";"255/60/30–≥";230;"";"–∫—É—Ä—è—á–µ —Ñ—ñ–ª–µ –Ω–∞ –≥—Ä–∏–ª—ñ, —Å–æ—É—Å ¬´–¶–µ–∑–∞—Ä¬ª, –±–µ–∫–æ–Ω, —Å–∏—Ä –¥–æ—Ä –±–ª—é, –∞–π—Å–±–µ—Ä–≥, —Ç–æ–º–∞—Ç, –æ–≥—ñ—Ä–æ–∫ —Å–æ–ª–æ–Ω–∏–π, —Ü–∏–±—É–ª—è —Å–∏–Ω—è/–∫–∞—Ä—Ç–æ–ø–ª—è —Ñ—Ä—ñ, —Å–æ—É—Å —á–∞—Å–Ω–∏–∫–æ–≤–∏–π, –∫–æ–∫–∞-–∫–æ–ª–∞"
10;"–ë–£–†–ì–ï–†–ò";"–ë–£–†–ì–ï–† –ó –ö–£–†–ö–û–Æ –ù–ê –ì–†–ò–õ–Ü –¢–ê –î–û–† –ë–õ–Æ";"255–≥";180;"";"–∫—É—Ä—è—á–µ —Ñ—ñ–ª–µ –Ω–∞ –≥—Ä–∏–ª—ñ, —Å–æ—É—Å ¬´–¶–µ–∑–∞—Ä¬ª, –±–µ–∫–æ–Ω, —Å–∏—Ä –¥–æ—Ä –±–ª—é, –∞–π—Å–±–µ—Ä–≥, —Ç–æ–º–∞—Ç, –æ–≥—ñ—Ä–æ–∫ —Å–æ–ª–æ–Ω–∏–π, —Ü–∏–±—É–ª—è —Å–∏–Ω—è"
11;"–î–û–ù–ï–†–ò";"–î–û–ù–ï–† –ó –°–ò–†–û–ú –¢–ê –ì–†–ò–ë–ê–ú–ò";"200–≥";175;"";"–ª–∞–≤–∞—à, —Å–æ—É—Å ‚Äú–ß–∞—Å–Ω–∏–∫–æ–≤–∏–π‚Äù, —Å–∏—Ä –î–æ—Ä –ë–ª—é, –ø–µ—á–µ—Ä–∏—Ü—ñ, —Å–∏—Ä –ú–æ—Ü–∞—Ä–µ–ª–∞, —Ç–æ–º–∞—Ç–∏, —Ä—É–∫–æ–ª–∞"
12;"–î–û–ù–ï–†–ò";"–î–û–ù–ï–† –ó –•–†–£–°–¢–ö–û–Æ –ö–†–ï–í–ï–¢–ö–û–Æ";"220–≥";185;"";"–ª–∞–≤–∞—à, —Å–æ—É—Å ‚Äú–ê–π–æ–ª—ñ-–®—Ä—ñ—Ä–∞—á–∞‚Äù, –∫—Ä–µ–≤–µ—Ç–∫–∏ –ø–∞–Ω–∫–æ, —Å–∞–ª–∞—Ç, –æ–≥—ñ—Ä–æ–∫ —Å–≤—ñ–∂–∏–π, —Ç–æ–º–∞—Ç"
13;"–î–û–ù–ï–†–ò";"–î–û–ù–ï–† –ó –ö–£–†–ö–û–Æ –¢–ê –§–ï–¢–û–Æ";"225–≥";170;"";"–ª–∞–≤–∞—à, –∫—É—Ä—è—á–µ —Å—Ç–µ–≥–Ω–æ, –±–µ–∫–æ–Ω, —Ç–æ–º–∞—Ç, –ª–∏—Å—Ç —Å–∞–ª–∞—Ç—É, —Å–∏—Ä –§–µ—Ç–∞, –∫–∞—Ä—Ç–æ–ø–ª—è —Ñ—Ä—ñ, —Å–æ—É—Å BBQ, —Å–æ—É—Å —á–∞—Å–Ω–∏–∫–æ–≤–∏–π ‚Äì –ø—Ä–∏ –≤—ñ–¥–∫–ª—é—á–µ–Ω–Ω—ñ —Å–≤—ñ—Ç–ª–∞ –ø–æ–¥–∞—î–º–æ –±–µ–∑ –∫–∞—Ä—Ç–æ–ø–ª—ñ —Ñ—Ä—ñ –∑ –ø–æ–¥–≤—ñ–π–Ω–∏–º –±–µ–∫–æ–Ω–æ–º"
14;"–î–û–ù–ï–†–ò";"–î–û–ù–ï–† –ó –ö–£–†–ö–û–Æ –¢–ê –ß–ï–î–î–ï–†–û–ú";"225–≥";170;"";"–ª–∞–≤–∞—à, –∫—É—Ä—è—á–µ —Å—Ç–µ–≥–Ω–æ, –±–µ–∫–æ–Ω, —Ç–æ–º–∞—Ç, –ª–∏—Å—Ç —Å–∞–ª–∞—Ç—É, —Å–∏—Ä –ß–µ–¥–µ—Ä, –∫–∞—Ä—Ç–æ–ø–ª—è —Ñ—Ä—ñ, —Å–æ—É—Å BBQ, —Å–æ—É—Å —á–∞—Å–Ω–∏–∫–æ–≤–∏–π ‚Äì –ø—Ä–∏ –≤—ñ–¥–∫–ª—é—á–µ–Ω–Ω—ñ —Å–≤—ñ—Ç–ª–∞ –ø–æ–¥–∞—î–º–æ –±–µ–∑ –∫–∞—Ä—Ç–æ–ø–ª—ñ —Ñ—Ä—ñ –∑ –ø–æ–¥–≤—ñ–π–Ω–∏–º –±–µ–∫–æ–Ω–æ–º"
15;"–î–û–ù–ï–†–ò";"–î–û–ù–ï–† –ú–ï–ö–°–ò–ö–ê–ù–°–¨–ö–ò–ô";"280–≥";185;"";"–ª–∞–≤–∞—à, —Ä–≤–∞–Ω–∞ —Å–≤–∏–Ω–∏–Ω–∞, –∫—É–∫—É—Ä—É–¥–∑–∞, —Å–∏—Ä –º–æ—Ü–∞—Ä–µ–ª–∞, —Ü–∏–±—É–ª—è —Ä—ñ–ø—á–∞—Ç–∞, –ø–µ—Ä–µ—Ü—å –±–æ–ª–≥–∞—Ä—Å—å–∫–∏–π, –∫–∞—Ä—Ç–æ–ø–ª—è —Ñ—Ä—ñ, —Å–æ—É—Å BBQ ‚Äì –ø—Ä–∏ –≤—ñ–¥–∫–ª—é—á–µ–Ω–Ω—ñ —Å–≤—ñ—Ç–ª–∞ –ø–æ–¥–∞—î–º–æ –±–µ–∑ –∫–∞—Ä—Ç–æ–ø–ª—ñ —Ñ—Ä—ñ –∑ –ø–æ–¥–≤—ñ–π–Ω–æ—é –º–æ—Ü–∞—Ä–µ–ª–æ—é"
1;"–•–æ–ª–æ–¥–Ω—ñ –∑–∞–∫—É—Å–∫–∏";"–ö–∞–±–∞–Ω–æ—Å—ñ";"50–≥";95;;  
2;"–•–æ–ª–æ–¥–Ω—ñ –∑–∞–∫—É—Å–∫–∏";"–§—ñ—Å—Ç–∞—à–∫–∏";"50–≥";95;;  
3;"–•–æ–ª–æ–¥–Ω—ñ –∑–∞–∫—É—Å–∫–∏";"–ë–∞—Å—Ç—É—Ä–º–∞";"50–≥";125;;  
4;"–•–æ–ª–æ–¥–Ω—ñ –∑–∞–∫—É—Å–∫–∏";"–°–∏—Ä –∫–æ—Å–∏—á–∫–∞";"100–≥";100;;  
5;"–•–æ–ª–æ–¥–Ω—ñ –∑–∞–∫—É—Å–∫–∏";"–†–∏—Å–æ–≤—ñ —á–∏–ø—Å–∏ –∑ –≥—ñ—Ä—á–∏—Ü–µ—é";"30/30–≥";80;;  
6;"–•–æ–ª–æ–¥–Ω—ñ –∑–∞–∫—É—Å–∫–∏";"–°–∏—Ä–Ω–∏–π —Å–µ—Ç";"280–≥";370;;"—Å–∏—Ä –¥–æ—Ä –±–ª—é, —Å–∏—Ä –∫–∞–º–∞–º–±–µ—Ä, –ø–∞—Ä–º–µ–∑–∞–Ω, —Å–∏—Ä –∫–æ–ø—á–µ–Ω–∏–π, –≥—Ä—É—à–∞, —Ö—Ä—É—Å—Ç–∏–∫–∏, —Å—É—Ö–∞—Ä–∏–∫–∏, –≥–∞—Ä–±—É–∑–æ–≤–µ –Ω–∞—Å—ñ–Ω–Ω—è, —Ñ—Ä—ñ–ø—Å–∏, –º–µ–¥"  
7;"–•–æ–ª–æ–¥–Ω—ñ –∑–∞–∫—É—Å–∫–∏";"–°–µ—Ç –±—Ä—É—Å–∫–µ—Ç";"180–≥";210;;"–∑ –ª–æ—Å–æ—Å–µ–º —Ç–∞ –æ–≥—ñ—Ä–∫–æ–º / –∑ –ø—Ä–æ—à—É—Ç–æ —Ç–∞ –∫–µ–¥—Ä–æ–≤–∏–º–∏ –≥–æ—Ä—ñ—à–∫–∞–º–∏ / –∑ —Å–∏—Ä–æ–º –∫–∞–º–∞–º–±–µ—Ä —Ç–∞ –∫–∞—Ä–∞–º–µ–ª—ñ–∑–æ–≤–∞–Ω–æ—é –≥—Ä—É—à–µ—é"  
8;"–•–æ–ª–æ–¥–Ω—ñ –∑–∞–∫—É—Å–∫–∏";"–ú‚Äô—è—Å–Ω–∏–π —Å–µ—Ç";"240–≥";440;;"–±–∞—Å—Ç—É—Ä–º–∞, —Ö–∞–º–æ–Ω, —Å–∞–ª—è–º—ñ, —Å–∞–ª—è–º—ñ —ñ—Ç–∞–ª—ñ–π—Å—å–∫–∞, —Å–Ω–µ–∫–∏ —Ç–æ–Ω–∫—ñ –∫–æ–ø—á–µ–Ω—ñ, –∫–∞–ø–µ—Ä—Å–∏"  
9;"–ì–∞—Ä—è—á—ñ –∑–∞–∫—É—Å–∫–∏";"–ñ–∏—Ç–Ω—ñ –≥—Ä—ñ–Ω–∫–∏ –∑ –∑–µ–ª–µ–Ω–æ—é –æ–ª—ñ—î—é";"70–≥";80;;"—Ä–µ–∫–æ–º–µ–Ω–¥—É—î–º–æ —Å–æ—É—Å –æ–±—Ä–∞—Ç–∏ –∑–∞ —Å–º–∞–∫–æ–º"  
10;"–ì–∞—Ä—è—á—ñ –∑–∞–∫—É—Å–∫–∏";"–ö—É—Ä—è—á—ñ —Å—Ç—Ä—ñ–ø—Å–∏ –∑ —Å–æ—É—Å–æ–º –∞–π–æ–ª—ñ-—à—Ä—ñ—Ä–∞—á–∞ üå∂Ô∏è";"180/30–≥";140;;  
11;"–ì–∞—Ä—è—á—ñ –∑–∞–∫—É—Å–∫–∏";"–ù–∞–≥–µ—Ç—Å–∏";"160–≥";125;;"—Ä–µ–∫–æ–º–µ–Ω–¥—É—î–º–æ —Å–æ—É—Å –æ–±—Ä–∞—Ç–∏ –∑–∞ —Å–º–∞–∫–æ–º"  
12;"–ì–∞—Ä—è—á—ñ –∑–∞–∫—É—Å–∫–∏";"–ö—Ä–µ–≤–µ—Ç–∫–∏ –ø–∞–Ω–∫–æ –∑ —Å–æ—É—Å–æ–º –∞–π–æ–ª—ñ-—à—Ä—ñ—Ä–∞—á–∞";"5—à—Ç/30–≥";165;;  
13;"–ì–∞—Ä—è—á—ñ –∑–∞–∫—É—Å–∫–∏";"–ö—É—Ä—è—á—ñ –∫—Ä–∏–ª—å—Ü—è –≤ —Å–æ—É—Å—ñ Sweet Chili";"200–≥";185;;  
14;"–ì–∞—Ä—è—á—ñ –∑–∞–∫—É—Å–∫–∏";"–ö—É—Ä—è—á—ñ –∫—Ä–∏–ª—å—Ü—è –≤ –º–µ–¥–æ–≤–æ-—Å–æ—î–≤–æ–º—É —Å–æ—É—Å—ñ";"200–≥";185;;  
15;"–ì–∞—Ä—è—á—ñ –∑–∞–∫—É—Å–∫–∏";"–¶–∏–±—É–ª–µ–≤—ñ –∫—ñ–ª—å—Ü—è";"125/30–≥";125;;"–ø–æ–¥–∞—î–º–æ –∑ —Å–æ—É—Å–æ–º ‚Äú–¶–µ–∑–∞—Ä‚Äù"  
16;"–ì–∞—Ä—è—á—ñ –∑–∞–∫—É—Å–∫–∏";"–°–∏—Ä —Ñ—Ä—ñ –∑ —è–≥—ñ–¥–Ω–∏–º —Å–æ—É—Å–æ–º";"130/30–≥";145;;  
17;"–ì–∞—Ä—è—á—ñ –∑–∞–∫—É—Å–∫–∏";"–ì—Ä–∏–±–∏ —Ñ—Ä—ñ –∑ —á–∞—Å–Ω–∏–∫–æ–≤–∏–º —Å–æ—É—Å–æ–º";"200/30–≥";130;;  
18;"–ì–∞—Ä—è—á—ñ –∑–∞–∫—É—Å–∫–∏";"–ü–∏–≤–Ω–∞ –¥–æ—à–∫–∞ –º—é–Ω—Ö–µ–Ω—Å—å–∫–∞";"490/30/30–≥";330;;"–∫–æ–≤–±–∞—Å–∫–∏ –º—é–Ω—Ö–µ–Ω—Å—å–∫—ñ, –∫–æ–≤–±–∞—Å–∫–∏ –∫–∞–±–∞–Ω–æ—Å—ñ, —Å—É—Ö–∞—Ä–∏–∫–∏, –∫–∞—Ä—Ç–æ–ø–ª—è —Ñ—Ä—ñ, –º–æ—Ä–∫–≤–∞, —Å–æ—É—Å —Å–∏—Ä–Ω–∏–π/–≥—ñ—Ä—á–∏—Ü—è"  
19;"–ì–∞—Ä—è—á—ñ –∑–∞–∫—É—Å–∫–∏";"–ü–∏–≤–Ω–∞ –¥–æ—à–∫–∞ —Ñ—Ä—ñ";"370/30/30–≥";300;;"–Ω–∞–≥–µ—Ç—Å–∏, —Ü–∏–±—É–ª–µ–≤—ñ –∫—ñ–ª—å—Ü—è, —Å–∏—Ä –∫–æ–ø—á–µ–Ω–∏–π, —Å–Ω–µ–∫–∏ –ø—à–µ–Ω–∏—á–Ω—ñ, —Å–µ–ª–µ—Ä–∞, —Å–æ—É—Å BBQ/—á–∞—Å–Ω–∏–∫–æ–≤–∏–π"
0;"–û–°–ù–û–í–ù–Ü –°–¢–†–ê–í–ò";"–ö–ê–†–¢–û–ü–õ–Ø –ö–ê–†–ë–û–ù–ê–†–ê";"290–≥";150;"";"—è–∫—â–æ –∫–ª–∞—Å–∏—á–Ω–∞ –ø–∞—Å—Ç–∞ –≤–∂–µ –Ω–∞–±—Ä–∏–¥–ª–∞ ‚ò∫ –∫–∞—Ä—Ç–æ–ø–ª—è, –≤–µ—Ä—à–∫–∏, –±–µ–∫–æ–Ω, –ø–∞—Ä–º–µ–∑–∞–Ω, —è–π—Ü–µ"
1;"–û–°–ù–û–í–ù–Ü –°–¢–†–ê–í–ò";"–•–†–£–°–¢–ö–Ü –†–ï–ë–†–ê BBQ –ó –ö–ê–†–¢–û–ü–õ–Ø–ù–ò–ú–ò –î–Ü–ü–ê–ú–ò –¢–ê –ö–†–ê–ù–ß–ï–ú";"220/70–≥";280;"";"—Ä–µ–∫–æ–º–µ–Ω–¥—É—î–º–æ –∑–∞–º–æ–≤–∏—Ç–∏ –¥–æ–¥–∞—Ç–∫–æ–≤–æ —Å–æ—É—Å –∑–∞ —Å–º–∞–∫–æ–º"
2;"–û–°–ù–û–í–ù–Ü –°–¢–†–ê–í–ò";"–ü–ê–ù–ö–ï–ô–ö–ò –ó –ö–£–†–ö–û–Æ –¢–ê –ì–†–ò–ë–ê–ú–ò";"445/20–≥";145;"";"–ø–∞–Ω–∫–µ–π–∫–∏, –∫—É—Ä—è—á–µ —Ñ—ñ–ª–µ, –≥—Ä–∏–±–∏ –ø–µ—á–µ—Ä–∏—Ü—ñ, —Ü–∏–±—É–ª—è —Ä—ñ–ø—á–∞—Ç–∞, –ø–∞—Ä–º–µ–∑–∞–Ω, —Å–æ—É—Å ‚Äú–ß–∞—Å–Ω–∏–∫–æ–≤–∏–π‚Äù, —Ç–æ–º–∞—Ç —á–µ—Ä—ñ, –º—ñ–∫—Ä–æ–≥—Ä—ñ–Ω"
3;"–û–°–ù–û–í–ù–Ü –°–¢–†–ê–í–ò";"–ü–ê–ù–ö–ï–ô–ö–ò-–ë–£–†–ì–ï–† –ó –î–Ü–ü–ê–ú–ò –¢–ê –°–û–£–°–û–ú";"480/60/30–≥";190;"";"–ø–∞–Ω–∫–µ–π–∫–∏, –∫–æ—Ç–ª–µ—Ç–∞ —Å–≤–∏–Ω–æ-—è–ª–æ–≤–∏—á–∞, –±–µ–∫–æ–Ω, —Å–æ—É—Å ‚Äú–ê–π–æ–ª—ñ-–®—Ä—ñ—Ä–∞—á–∞‚Äù , —Å–∏—Ä —á–µ–¥–¥–µ—Ä, –∞–π—Å–±–µ—Ä–≥, —Ç–æ–º–∞—Ç, –æ–≥—ñ—Ä–æ–∫ —Å–æ–ª–æ–Ω–∏–π, —Ü–∏–±—É–ª—è –∫–∞—Ä–∞–º–µ–ª—ñ–∑–æ–≤–∞–Ω–∞/–∫–∞—Ä—Ç–æ–ø–ª—è–Ω—ñ –¥—ñ–ø–∏, —Å–æ—É—Å ‚ÄúBBQ‚Äù"
4;"–û–°–ù–û–í–ù–Ü –°–¢–†–ê–í–ò";"–ö–û–¢–õ–ï–¢–ê –ü–û-–ö–ò–á–í–°–¨–ö–ò –ó –°–ò–†–ù–û-–®–ü–ò–ù–ê–¢–ù–ò–ú –ü–Æ–†–ï";"160/200/50–≥";215;"";"–∫—É—Ä—è—á–µ —Ñ—ñ–ª–µ, –≤–µ—Ä—à–∫–æ–≤–µ –º–∞—Å–ª–æ, –∫—Ä—ñ–ø / –∫–∞—Ä—Ç–æ–ø–ª—è–Ω–µ –ø—é—Ä–µ –∑ –¥–æ–¥–∞–≤–∞–Ω—è–º —à–ø–∏–Ω–∞—Ç—É —Ç–∞ –º–æ—Ü–∞—Ä–µ–ª–ª–∏ / –º—ñ–∫—Å —Ä—É–∫–æ–ª–∏ —Ç–∞ —à–ø–∏–Ω–∞—Ç—É –∑ –º–µ–¥–æ–≤–æ-–≥—ñ—Ä—á–∏—á–Ω–∏–º —Å–æ—É—Å–æ–º —Ç–∞ —Ç–æ–º–∞—Ç–∞–º–∏ —á–µ—Ä—ñ"
5;"–û–°–ù–û–í–ù–Ü –°–¢–†–ê–í–ò";"–°–¢–ï–ô–ö –ó –õ–û–°–û–°–Ø –ü–Ü–î –°–û–£–°–û–ú –ù–ê–†–®–ê–†–ê–ë";"200/100/50–≥";395;"";"–≥–æ—Ç—É—î–º–æ –∑ –¥–æ–¥–∞–≤–∞–Ω—è–º –º–µ–¥—É, –≥—Ä–∞–Ω–∞—Ç–æ–≤–æ–≥–æ —Å–æ—É—Å—É, –ª–∏–º–æ–Ω–æ–≥–æ —Ñ—Ä–µ—à—É –ø–æ–¥–∞—î–º–æ –∑ —Ä–∏—Å–æ–º, –≥—Ä–∏–ª—å–æ–≤–∞–Ω–∏–º –ª–∞–π–º–æ–º —Ç–∞ –º—ñ–∫—Ä–æ–≥—Ä—ñ–Ω–æ–º"
6;"–û–°–ù–û–í–ù–Ü –°–¢–†–ê–í–ò";"–ö–ê–†–¢–û–ü–õ–Ø –°–ú–ê–ñ–ï–ù–ê –ó –ì–†–ò–ë–ê–ú–ò –¢–ê –¶–ò–ë–£–õ–ï–Æ";"300–≥";95;"";"–∫–∞—Ä—Ç–æ–ø–ª—è, –≥—Ä–∏–±–∏ –ø–µ—á–µ—Ä–∏—Ü—ñ, —Ü–∏–±—É–ª—è —Ä—ñ–ø—á–∞—Ç–∞, —á–∞—Å–Ω–∏–∫, –∑–µ–ª–µ–Ω–∞ —Ü–∏–±—É–ª—è"
7;"–û–°–ù–û–í–ù–Ü –°–¢–†–ê–í–ò";"–ü–ê–¢–ï–õ–¨–ù–Ø –°–ú–ê–ñ–ï–ù–û–á –ö–ê–†–¢–û–ü–õ–Ü –ó –ö–û–ü–ß–ï–ù–ò–ú–ò –ö–û–í–ë–ê–°–ö–ê–ú–ò";"420–≥";170;"";"–∫–∞—Ä—Ç–æ–ø–ª—è, –∫–æ–≤–±–∞—Å–∫–∏ –∫–æ–ø—á–µ–Ω—ñ, –ø–µ—Ä–µ—Ü—å –±–æ–ª–≥–∞—Ä—Å—å–∫–∏–π, —Ü–∏–±—É–ª—è —Ä—ñ–ø—á–∞—Ç–∞, —Å–æ—É—Å BBQ, –∑–µ–ª–µ–Ω–∞ —Ü–∏–±—É–ª—è, —Å–ª–∞–π—Å —á–∏–ª—ñ"
8;"–û–°–ù–û–í–ù–Ü –°–¢–†–ê–í–ò";"–ü–ê–¢–ï–õ–¨–ù–Ø –°–ú–ê–ñ–ï–ù–û–á –ö–ê–†–¢–û–ü–õ–Ü –ó –ö–£–†–ö–û–Æ –¢–ê –ì–†–ò–ë–ê–ú–ò";"420–≥";170;"";"–∫–∞—Ä—Ç–æ–ø–ª—è, –∫—É—Ä—è—á–µ —Ñ—ñ–ª–µ, –≥—Ä–∏–±–∏ –ø–µ—á–µ—Ä–∏—Ü—ñ, —á–∞—Å–Ω–∏–∫, —Ü–∏–±—É–ª—è —Ä—ñ–ø—á–∞—Ç–∞, –º–æ—Ü–∞—Ä–µ–ª–∞, —á–∞—Å–Ω–∏–∫–æ–≤–∏–π —Å–æ—É—Å, –∑–µ–ª–µ–Ω—å"
9;"–û–°–ù–û–í–ù–Ü –°–¢–†–ê–í–ò";"–ö–£–†–Ø–ß–ò–ô –ö–ï–ë–ê–ë –í –ë–ï–ö–û–ù–Ü –ó –°–ò–†–û–ú";"150–≥";110;"";"–º–æ–∂–Ω–∞ –∑–∞–º–æ–≤–∏—Ç–∏ –¥–æ–¥–∞—Ç–∫–æ–≤–æ –¥–æ –±—É–¥—å-—è–∫–æ—ó —Å—Ç—Ä–∞–≤–∏"
10;"–û–°–ù–û–í–ù–Ü –°–¢–†–ê–í–ò";"–ö–£–†–Ø–ß–Ü –®–ê–®–õ–ò–ß–ö–ò –ó –ú‚Äô–Ø–¢–ù–ò–ú –°–û–£–°–û–ú –¢–ê –û–í–û–ß–ê–ú–ò –ì–†–ò–õ–¨";"350/30–≥";165;"";"–ø–æ–¥–∞—î–º–æ –∑ —Ç–æ—Å—Ç–æ–º, –º‚Äô—è—Ç–Ω–∏–º —Å–æ—É—Å–æ–º –Ω–∞ –æ—Å–Ω–æ–≤—ñ –∫—É–Ω–∂—É—Ç—É, –∫—É–∫—É—Ä—É–¥–∑–æ—é —Ç–∞ —Å–∏–Ω—å–æ—é —Ü–∏–±—É–ª–µ—é –Ω–∞ –≥—Ä–∏–ª—ñ"
11;"–û–°–ù–û–í–ù–Ü –°–¢–†–ê–í–ò";"–ö–£–†–Ø–ß–ò–ô –ö–ï–ë–ê–ë –í –ë–ï–ö–û–ù–Ü –ó –°–ò–†–û–ú";"150/80/30–≥";145;"";"–ø–æ–¥–∞—î–º–æ –∑ –∫–∞—Ä—Ç–æ–ø–ª—è–Ω–∏–º–∏ –¥—ñ–ø–∞–º–∏ —Ç–∞ —Å–æ—É—Å–æ–º BBQ"
12;"–û–°–ù–û–í–ù–Ü –°–¢–†–ê–í–ò";"–°–¢–ï–ô–ö CHILI PEPPER –ó –ü–ï–ß–ï–ù–û–Æ –ö–ê–†–¢–û–ü–õ–ï–Æ –¢–ê –°–û–£–°–û–ú";"200/180/30–≥";325;"";"—Å–≤–∏–Ω–Ω–∏–π –æ—à–∏–π–æ–∫, —Å–æ—É—Å ‚ÄúWhisky‚Äù"
13;"–û–°–ù–û–í–ù–Ü –°–¢–†–ê–í–ò";"–§–ê–†–®–ò–†–û–í–ê–ù–ê –ö–£–†–Ø–ß–ê –ì–†–£–î–ö–ê –ó –ë–†–û–ö–û–õ–Ü";"245–≥";190;"";"–∫—É—Ä—è—á–∞ –≥—Ä—É–¥–∫–∞, –∫—Ä–µ–º-—Å–∏—Ä, –ø–∞—Ä–º–µ–∑–∞–Ω, —à–ø–∏–Ω–∞—Ç, —á–∞—Å–Ω–∏–∫, –±—Ä–æ–∫–æ–ª—ñ"
14;"–°–ù–Ü–î–ê–ù–ö–ò";"–ü–ê–ù–ö–ï–ô–ö–ò –ó –õ–û–°–û–°–ï–ú –¢–ê –ö–†–ï–ú-–°–ò–†–û–ú";"335–≥";215;"";"–ø–∞–Ω–∫–µ–π–∫–∏, –ª–æ—Å–æ—Å—å —Å/—Å, –∫—Ä–µ–º-—Å–∏—Ä, —Ä—É–∫–æ–ª–∞, —à–ø–∏–Ω–∞—Ç, –º–µ–¥–æ–≤–æ-–≥—ñ—Ä—á–∏—á–Ω–∏–π —Å–æ—É—Å, —Ç–æ–º–∞—Ç —á–µ—Ä—ñ, –º—ñ–∫—Ä–æ–≥—Ä—ñ–Ω"
15;"–°–ù–Ü–î–ê–ù–ö–ò";"–í–ê–§–õ–Ø –ó –õ–û–°–û–°–ï–ú –¢–ê –ü–ê–®–û–¢";"250–≥";215;"";"–ë–µ–ª—å–≥—ñ–π—Å—å–∫–∞ –≤–∞—Ñ–ª—è, –ª–æ—Å–æ—Å—å —Å/—Å, –∫—Ä–µ–º-—Å–∏—Ä, —è–π—Ü–µ –ø–∞—à–æ—Ç, —Ä—É–∫–æ–ª–∞, —Å–∞–ª–∞—Ç, –º–µ–¥–æ–≤–æ-–≥—ñ—Ä—á–∏—á–Ω–∏–π —Å–æ—É—Å"
16;"–°–ù–Ü–î–ê–ù–ö–ò";"–ë–û–£–õ –ó –õ–û–°–û–°–ï–ú –¢–ê –ê–í–û–ö–ê–î–û";"350/30–≥";205;"";"–ø—Ç—ñ—Ç—ñ–º, –ª–æ—Å–æ—Å—å —Å/—Å, –∞–≤–æ–∫–∞–¥–æ, —Ç—Ä—é—Ñ–µ–ª—å–Ω–∞ –æ–ª—ñ—è, —è–π—Ü–µ –ø–∞—à–æ—Ç, —à–ø–∏–Ω–∞—Ç, –æ–≥—ñ—Ä–æ–∫, –∫—É–Ω–∂—É—Ç/ —Å–æ—É—Å —Ç–µ—Ä—ñ—è–∫—ñ"
17;"–°–ù–Ü–î–ê–ù–ö–ò";"–í–ê–§–õ–Ø –ó –¶–ò–ü–û–Æ";"335–≥";195;"";"–±–µ–ª—å–≥—ñ–π—Å—å–∫—ñ –≤–∞—Ñ–ª—ñ, –∫—É—Ä—è—á–µ —Ñ—ñ–ª–µ, —Å–æ—É—Å ‚Äú–¶–∏–ø–∞‚Äù, —à–ø–∏–Ω–∞—Ç, –ø–µ—á–µ–Ω–∏–π –±–æ–ª–≥–∞—Ä—Å—å–∫–∏–π –ø–µ—Ä–µ—Ü—å, —è—î—á–Ω—è"
18;"–°–ù–Ü–î–ê–ù–ö–ò";"–í–ê–§–õ–Ø ¬´–¶–ï–ó–ê–†¬ª";"270–≥";175;"";"–±–µ–ª—å–≥—ñ–π—Å—å–∫–∞ –≤–∞—Ñ–ª—è, —Å–æ—É—Å ‚Äú–¶–µ–∑–∞—Ä‚Äù, –±–µ–∫–æ–Ω, —Ç–æ–º–∞—Ç, —è—î—á–Ω—è"
0;"–ü–µ—Ä—à—ñ —Å—Ç—Ä–∞–≤–∏";"–û–ö–†–û–®–ö–ê –ó –ö–£–†–ö–û–Æ –¢–ê –õ–ê–ô–ú–û–ú";"415–≥";135;"";"–∫–∞—Ä—Ç–æ–ø–ª—è, —Ä–µ–¥–∏—Å, –æ–≥—ñ—Ä–æ–∫ —Å–≤—ñ–∂–∏–π, —Ñ—ñ–ª–µ —Å—Ç–µ–≥–Ω–∞, —è–π—Ü–µ –∫—É—Ä—è—á–µ, —Å–º–µ—Ç–∞–Ω–∞, –º–∞–π–æ–Ω–µ–∑, –≥–∞–∑–æ–≤–∞–Ω–∞ –≤–æ–¥–∞, –≥—ñ—Ä—á–∏—Ü—è, –º—ñ–∫—Ä–æ–≥—Ä—ñ–Ω, –ª–∞–π–º, –Ω–∏—Ç–∫–∏ —á–∏–ª—ñ"
1;"–ü–µ—Ä—à—ñ —Å—Ç—Ä–∞–≤–∏";"–ì–†–ò–ë–ù–ò–ô –ö–†–ï–ú-–°–£–ü";"300/60–≥";135;"";"–ø–æ–¥–∞—î–º–æ –∑ —Ö—Ä—É—Å—Ç–∫–∏–º–∏ –≥—Ä—ñ–Ω–∫–∞–º–∏"
2;"–ü–µ—Ä—à—ñ —Å—Ç—Ä–∞–≤–∏";"–ë–û–†–© –ó–Ü –°–í–ò–ù–ò–ù–û–Æ, –°–ê–õ–û–ú –¢–ê –ì–†–Ü–ù–ö–ê–ú–ò";"400/100/60–≥";145;"";"–ø–æ–¥–∞—î–º–æ –∑—ñ —Å–º–µ—Ç–∞–Ω–æ—é, —Ö—Ä—ñ–Ω–æ–º, –∑–µ–ª–µ–Ω–æ—é —Ü–∏–±—É–ª–µ—é —Ç–∞ —á–∏–ª—ñ"
3;"–ü–µ—Ä—à—ñ —Å—Ç—Ä–∞–≤–∏";"–¢–û–ú –Ø–ú –ó –ö–†–ï–í–ï–¢–ö–û–Æ";"300/15–≥";185;"";"–º–æ–ª–æ–∫–æ –∫–æ–∫–æ—Å–æ–≤–µ, –≤–µ—Ä—à–∫–∏, –º—ñ–¥—ñ—ó, –∫—Ä–µ–≤–µ—Ç–∫–∞, —Å—Ç–µ–±–ª–æ —Å–µ–ª–µ—Ä–∏, –ø–µ—Ä–µ—Ü—å –±–æ–ª–≥–∞—Ä—Å—å–∫–∏–π, –º–æ—Ä–∫–≤–∞, –≥—Ä–∏–±–∏ –ø–µ—á–µ—Ä–∏—Ü—ñ, –∫—ñ–Ω–∑–∞, –ø–µ—Ä–µ—Ü—å —á–∏–ª—ñ, –ª–∞–π–º"
4;"–ü–µ—Ä—à—ñ —Å—Ç—Ä–∞–≤–∏";"–ë–£–õ–¨–ô–û–ù –ó –ö–£–†–ö–û–Æ";"360/20–≥";110;"";"–ø–æ–¥–∞—î—Ç—å—Å—è –∑ –ª–æ–∫—à–∏–Ω–æ—é, –ø–µ—Ä–µ–ø–µ–ª–∏–Ω–∏–º —è–π—Ü–µ–º —Ç–∞ —Ö—Ä—É—Å—Ç–∏–∫–∞–º–∏"
5;"–°–∞–ª–∞—Ç–∏";"–°–ê–õ–ê–¢ –ó –†–û–°–¢–ë–Ü–§–û–ú –¢–ê –†–ï–î–ò–°–û–ú";"255/30–≥";225;"";"—Ä–æ—Å—Ç–±—ñ—Ñ, —Ä–µ–¥–∏—Å, —Å–∏—Ä —Ñ–µ—Ç–∞, –ª–∏—Å—Ç —Å–∞–ª–∞—Ç—É, —Ä—É–∫–æ–ª–∞, —Å–æ—É—Å –º–µ–¥–æ–≤–æ-–≥—ñ—Ä—á–∏—á–Ω–∏–π, –∞—Ä–∞—Ö—ñ—Å, —Å—É—Ö–∞—Ä–∏–∫–∏ / —Å–æ—É—Å ‚Äú–ê–π–æ–ª—ñ-–®—Ä—ñ—Ä–∞—á–∞‚Äù"
6;"–°–∞–ª–∞—Ç–∏";"–°–ê–õ–ê–¢ –ó –õ–û–°–û–°–ï–ú –¢–ê –ê–í–û–ö–ê–î–û";"165–≥";220;"";"–ª–æ—Å–æ—Å—å —Å/—Å, —Å–∏—Ä –§–µ—Ç–∞, –∞–≤–æ–∫–∞–¥–æ, –ø–æ–º—ñ–¥–æ—Ä —á–µ—Ä—ñ, –∫–µ–¥—Ä–æ–≤—ñ –≥–æ—Ä—ñ—à–∫–∏, —Ä—É–∫–æ–ª–∞, —à–ø–∏–Ω–∞—Ç, —Å–æ—É—Å –º–µ–¥–æ–≤–æ-–≥—ñ—Ä—á–∏—á–Ω–∏–π, –ª–∏–º–æ–Ω"
7;"–°–∞–ª–∞—Ç–∏";"–°–ê–õ–ê–¢ –ó –•–ê–ú–û–ù–û–ú –¢–ê –°–ò–†–û–ú –î–û–† –ë–õ–Æ";"195–≥—Ä";235;"";"—Ö–∞–º–æ–Ω, —Å–∏—Ä –¥–æ—Ä –±–ª—é, —Å–∞–ª–∞—Ç, —Å–æ—É—Å –º–µ–¥–æ–≤–æ-–≥—ñ—Ä—á–∏—á–Ω–∏–π, –∫–∞—Ä–∞–º–µ–ª—ñ–∑–æ–≤–∞–Ω–∞ —Ü–∏–±—É–ª—è, —Ä—É–∫–æ–ª–∞, –∫–∞—Ä–∞–º–µ–ª—ñ–∑–æ–≤–∞–Ω—ñ –≥—Ä—É—à–∞ –≤ –º–µ–¥–æ–≤–æ-—Å–æ—î–≤–æ–º—É —Å–æ—É—Å—ñ"
8;"–°–∞–ª–∞—Ç–∏";"–°–ê–õ–ê–¢ –ó –ö–Ü–í–Ü –¢–ê –õ–û–°–û–°–ï–ú";"200–≥";185;"";"–ª–æ—Å–æ—Å—å —Å/—Å, –∫—ñ–≤—ñ, —Ä—É–∫–æ–ª–∞, —Å–∞–ª–∞—Ç, —Ç–æ–º–∞—Ç, –ø–∞—Ä–º–µ–∑–∞–Ω, —Å–æ—É—Å ‚Äú–ú–µ–¥–æ–≤–æ-–≥—ñ—Ä—á–∏—á–Ω–∏–π‚Äù"
9;"–°–∞–ª–∞—Ç–∏";"–¶–ï–ó–ê–† –ó –ö–†–ï–í–ï–¢–ö–ê–ú–ò –¢–ê –õ–û–°–û–°–ï–ú";"290–≥";290;"";"—Å–º–∞–∂–µ–Ω—ñ –∫—Ä–µ–≤–µ—Ç–∫–∏, –ª–æ—Å–æ—Å—å —Å/—Å, –ø–∞—Ä–º–µ–∑–∞–Ω, —Å–∞–ª–∞—Ç, –∞–π—Å–±–µ—Ä–≥, —è–π—Ü—è –ø–µ—Ä–µ–ø–µ–ª–∏–Ω—ñ, —Ç–æ–º–∞—Ç —á–µ—Ä—ñ, —Ä–∏—Å–æ–≤—ñ —á–∏–ø—Å–∏, –ª–∏–º–æ–Ω, —Å–æ—É—Å ¬´—Ü–µ–∑–∞—Ä¬ª"
10;"–°–∞–ª–∞—Ç–∏";"–°–ê–õ–ê–¢ –ó–Ü –°–ú–ê–ñ–ï–ù–û–Æ –¶–ò–ü–û–Æ –¢–ê –ì–†–ò–õ–¨–û–í–ê–ù–ò–ú–ò –ê–ù–ê–ù–ê–°–ê–ú–ò";"250–≥";165;"";"—Ä—É–∫–æ–ª–∞, —à–ø–∏–Ω–∞—Ç, —Å–º–∞–∂–µ–Ω–µ –∫—É—Ä—è—á–µ —Ñ—ñ–ª–µ –≤ —Å–æ—É—Å—ñ ‚Äú–¢–µ—Ä—ñ—è–∫—ñ‚Äù, –∞–Ω–∞–Ω–∞—Å —Ç–∞ –∫—É–∫—É—Ä—É–¥–∑–∞ –Ω–∞ –≥—Ä–∏–ª—ñ, —Å–æ—É—Å ‚Äú–¶–∏–ø–∞‚Äù, –∫—É–Ω–∂—É—Ç"
11;"–°–∞–ª–∞—Ç–∏";"–¶–ï–ó–ê–† –ó –ö–£–†–ö–û–Æ";"260–≥";180;"";"—Å–º–∞–∂–µ–Ω–µ –∫—É—Ä—è—á–µ —Ñ—ñ–ª–µ, –ø–∞—Ä–º–µ–∑–∞–Ω, —Å–∞–ª–∞—Ç, –∞–π—Å–±–µ—Ä–≥, –±–µ–∫–æ–Ω, —è–π—Ü—è –ø–µ—Ä–µ–ø–µ–ª–∏–Ω—ñ, —Ç–æ–º–∞—Ç —á–µ—Ä—ñ, —Å—É—Ö–∞—Ä–∏–∫–∏, —Å–æ—É—Å ¬´–¶–µ–∑–∞—Ä¬ª"
12;"–°–∞–ª–∞—Ç–∏";"–°–ê–õ–ê–¢ –ì–†–ï–¶–¨–ö–ò–ô";"230–≥";145;"";"–æ–≥—ñ—Ä–æ–∫, —Ç–æ–º–∞—Ç, –ø–µ—Ä–µ—Ü—å –±–æ–ª–≥–∞—Ä—Å—å–∫–∏–π, –ª–∏—Å—Ç—è —Å–∞–ª–∞—Ç—É, —Å–∏–Ω—è —Ü–∏–±—É–ª—è, –º–∞—Å–ª–∏–Ω–∏, —Ñ–µ—Ç–∞, –æ–ª–∏–≤–∫–æ–≤–∞ –æ–ª—ñ—è, –æ—Ä–µ–≥–∞–Ω–æ"
1;"–ì–∞—Ä–Ω—ñ—Ä–∏";"–ö–ê–†–¢–û–ü–õ–Ø –§–†–Ü –ó –¢–†–Æ–§–ï–õ–¨–ù–û–Æ –û–õ–Ü–Ñ–Æ –ü–Ü–î –ü–ê–†–ú–ï–ó–ê–ù–û–ú";"125/30–≥";145;;"–ø–æ–¥–∞—î–º–æ –∑ —Å–∏—Ä–Ω–∏–º —Å–æ—É—Å–æ–º"
2;"–ì–∞—Ä–Ω—ñ—Ä–∏";"–ö–ê–†–¢–û–ü–õ–Ø –§–†–Ü –ó –ö–ï–¢–ß–£–ü–û–ú";"110/30–≥";100;;""
3;"–ì–∞—Ä–Ω—ñ—Ä–∏";"–ö–ê–†–¢–û–ü–õ–Ø–ù–Ü –î–Ü–ü–ò –ü–Ü–î –°–ò–†–û–ú –ó –ß–ê–°–ù–ò–ö–û–í–ò–ú –°–û–£–°–û–ú";"145/30–≥";120;;""
4;"–ì–∞—Ä–Ω—ñ—Ä–∏";"–û–í–û–ß–Ü –ì–†–ò–õ–¨";"220–≥";125;;"–ø–µ—Ä–µ—Ü—å –±–æ–ª–≥–∞—Ä—Å—å–∫–∏–π, –≥—Ä–∏–±–∏ –ø–µ—á–µ—Ä–∏—Ü—ñ, —Ç–æ–º–∞—Ç, —Ü–∏–±—É–ª—è —Å–∏–Ω—è, –∫—É–∫—É—Ä—É–¥–∑–∞"
5;"–ü–∞—Å—Ç–∞ —Ç–∞ –ª–æ–∫—à–∏–Ω–∞";"–ü–ê–°–¢–ê –ü–ê–ù–ö–û –ó –ö–†–ï–í–ï–¢–ö–ê–ú–ò –¢–ê –ß–ï–î–î–ï–†–û–ú";"295–≥";220;;"–∫—Ä–µ–≤–µ—Ç–∫–∏ –ø–∞–Ω–∫–æ, —á–µ–¥–¥–µ—Ä, –≤–µ—Ä—à–∫–∏, —Ç–æ–º–∞—Ç, —à–ø–∏–Ω–∞—Ç, –ø–∞—Ä–º–µ–∑–∞–Ω, –º—ñ–∫—Ä–æ–≥—Ä—ñ–Ω"
6;"–ü–∞—Å—Ç–∞ —Ç–∞ –ª–æ–∫—à–∏–Ω–∞";"–õ–û–ö–®–ò–ù–ê –ó–Ü –°–í–ò–ù–ò–ù–û–Æ –ü–Ü–î –°–û–£–°–û–ú –¢–ï–†–Ü–Ø–ö–Ü";"300–≥";210;;"—Å–≤–∏–Ω–Ω–∏–π –æ—à–∏–π–æ–∫ —É —Ö—Ä—É—Å—Ç–∫–æ–º—É –∫–ª—è—Ä—ñ, –±–æ–ª–≥–∞—Ä—Å—å–∫–∏–π –ø–µ—Ä–µ—Ü—å, —Å—Ç—Ä—É—á–∫–æ–≤–∞ –∫–≤–∞—Å–æ–ª—è, —Å–æ—É—Å —Ç–µ—Ä—ñ—è–∫—ñ, —Å–æ—É—Å —É–Ω–∞–≥—ñ, –∫—É–Ω–∂—É—Ç"
7;"–ü–∞—Å—Ç–∞ —Ç–∞ –ª–æ–∫—à–∏–Ω–∞";"–í–ï–†–®–ö–û–í–ò–ô –ü–¢–Ü–¢–Ü–ú –ó –ö–†–ï–í–ï–¢–ö–û–Æ –¢–ê –ú–Ü–î–Ü–Ø–ú–ò";"330–≥";195;;"–≤–µ—Ä—à–∫–æ–≤–∏–π –ø—Ç—ñ—Ç—ñ–º, –∫—Ä–µ–≤–µ—Ç–∫–∏, –º—ñ–¥—ñ—ó, —Å–∏—Ä–Ω–∏–π —Å–æ—É—Å, —Ç–æ–º–∞—Ç, –±–æ–ª–≥–∞—Ä—Å—å–∫–∏–π –ø–µ—Ä–µ—Ü—å"
8;"–ü–∞—Å—Ç–∞ —Ç–∞ –ª–æ–∫—à–∏–Ω–∞";"–ü–ê–°–¢–ê –ó –ö–£–†–ö–û–Æ, –ì–†–ò–ë–ê–ú–ò –¢–ê –î–û–†–ë–õ–Æ";"280–≥";190;;"–∫—É—Ä—è—á–µ —Ñ—ñ–ª–µ, —Ä—É–∫–æ–ª–∞, –≥—Ä–∏–±–∏ –ø–µ—á–µ—Ä–∏—Ü—ñ, —Å–∏—Ä –î–æ—Ä –±–ª—é, –ø–∞—Ä–º–µ–∑–∞–Ω, –≤–µ—Ä—à–∫–∏, –∑–µ–ª–µ–Ω–∞ –æ–ª—ñ—è"
9;"–ü–∞—Å—Ç–∞ —Ç–∞ –ª–æ–∫—à–∏–Ω–∞";"–ü–ê–°–¢–ê –ö–ê–†–ë–û–ù–ê–†–ê";"185–≥";140;;"–±–µ–∫–æ–Ω, –≤–µ—Ä—à–∫–∏, –≤–∏–Ω–æ –±—ñ–ª–µ —Å—É—Ö–µ, –∂–æ–≤—Ç–æ–∫ —ñ–∑ –∫—É—Ä—è—á–æ–≥–æ —è–π—Ü—è, –ø–∞—Ä–º–µ–∑–∞–Ω"
10;"–ü–∞—Å—Ç–∞ —Ç–∞ –ª–æ–∫—à–∏–Ω–∞";"–ü–ê–†–ú–ï–ó–ê–ù";"10–≥";30;;"–¥–æ–¥–∞—Ç–∫–æ–≤–∏–π –¥–æ –ø–∞—Å—Ç–∏"
11;"–°–æ—É—Å–∏";"–°–ò–†–ù–ò–ô";"50–≥";40;;""
12;"–°–æ—É—Å–∏";"–¶–ï–ó–ê–†";"50–≥";20;;""
13;"–°–æ—É—Å–∏";"BBQ";"50–≥";20;;""
14;"–°–æ—É—Å–∏";"–ß–ê–°–ù–ò–ö–û–í–ò–ô";"50–≥";20;;""
15;"–°–æ—É—Å–∏";"–Ø–ì–Ü–î–ù–ò–ô";"50–≥";20;;""
16;"–°–æ—É—Å–∏";"SWEET –ß–ò–õ–Ü";"50–≥";25;;""
17;"–°–æ—É—Å–∏";"–ì–û–°–¢–†–ò–ô –ß–ò–õ–Ü";"50–≥";40;;""
18;"–°–æ—É—Å–∏";"–ú–ê–ô–û–ù–ï–ó";"50–≥";20;;""
19;"–°–æ—É—Å–∏";"–ö–ï–¢–ß–£–ü";"50–≥";20;;""
1;–î–µ—Å–µ—Ä—Ç–∏;"–ü–ê–ù–ö–ï–ô–ö–ò –ó –ë–ê–ù–ê–ù–û–ú –¢–ê –ú–û–†–û–ó–ò–í–û–ú";"380–≥";120;;"–ø–∞–Ω–∫–µ–π–∫–∏, –±–∞–Ω–∞–Ω, –º–æ—Ä–æ–∑–∏–≤–æ, —ñ—Ä–∏—Å–∫–∞, —Å—É–±–ª—ñ–º–æ–≤–∞–Ω–∞ –ø–æ–ª—É–Ω–∏—Ü—è, —Ü—É–∫—Ä–æ–≤–∞ –ø—É–¥—Ä–∞"
2;–î–µ—Å–µ—Ä—Ç–∏;"–ü–ê–ù–ö–ï–ô–ö–ò –ó –§–Ü–°–¢–ê–®–ö–û–í–ò–ú –ö–†–ï–ú–û–ú";"330–≥";140;;"–ø–∞–Ω–∫–µ–π–∫–∏, —Ñ—ñ—Å—Ç–∞—à–∫–æ–≤–∏–π –∫—Ä–µ–º –Ω–∞ –æ—Å–Ω–æ–≤—ñ –≤–µ—Ä—à–∫–æ–≤–æ–≥–æ —Å–∏—Ä—É, —Ñ—ñ—Å—Ç–∞—à–∫–∞, –º–æ—Ä–æ–∑–∏–≤–æ"
3;–î–µ—Å–µ—Ä—Ç–∏;"–®–û–ö–û–õ–ê–î–ù–ò–ô –§–û–ù–î–ê–ù";"100/50–≥";150;;""
4;–î–µ—Å–µ—Ä—Ç–∏;"LOVE –°–ò–†–ù–ò–ö–ò";"230–≥";135;;"–ø–æ–¥–∞—î–º–æ —ñ–∑ —ñ—Ä–∏—Å–∫–æ—é —Ç–∞ —Å–º–µ—Ç–∞–Ω–æ—é, –ø–æ–ª—É–Ω–∏—Ü–µ—é (–ø–æ —Å–µ–∑–æ–Ω—É), –ø–æ—Å–∏–ø–∞—î–º–æ —Å–º–∞–∂–µ–Ω–∏–º –∞—Ä–∞—Ö—ñ—Å–æ–º"
5;–î–µ—Å–µ—Ä—Ç–∏;"–ú–û–†–û–ó–ò–í–û";"100–≥";90;;""
6;–î–µ—Å–µ—Ä—Ç–∏;"–°–û–õ–û–î–ö–ê –í–ê–§–õ–Ø –ó –ù–ê–ß–ò–ù–ö–û–Æ";"";;;–°–ö–õ–ê–î–ò –°–ê–ú
